order_id,order_date,ship_date,ship_mode,customer_name,segment,country,region,category,sub_category,product_name,sales,quantity,discount,profit,shipping_cost
ORD-1001,2023-01-05,2023-01-08,Standard Class,Alice Johnson,Consumer,United States,West,Electronics,Phones,SmartPhone Pro 12,899.99,1,0.10,134.99,12.50
ORD-1002,2023-01-07,2023-01-10,Second Class,Bob Smith,Corporate,United States,East,Office Supplies,Paper,A4 Copy Paper (500 sheets),24.99,5,0.00,8.74,3.20
ORD-1003,2023-01-10,2023-01-14,Standard Class,Carol Davis,Consumer,United States,South,Furniture,Chairs,Ergonomic Office Chair,349.00,1,0.20,17.45,28.00
ORD-1004,2023-01-12,2023-01-13,First Class,David Lee,Home Office,United States,West,Electronics,Laptops,UltraBook 14,1249.00,1,0.05,187.35,18.75
ORD-1005,2023-01-15,2023-01-18,Standard Class,Emma Wilson,Consumer,Canada,East,Office Supplies,Binders,Heavy Duty Binder 3in,12.49,3,0.00,3.75,1.80
ORD-1006,2023-01-18,2023-01-22,Standard Class,Frank Brown,Corporate,United States,Central,Furniture,Tables,Conference Table 6ft,599.00,1,0.30,-29.95,42.00
ORD-1007,2023-01-20,2023-01-21,Same Day,Grace Kim,Consumer,United States,West,Electronics,Accessories,USB-C Hub 7-port,49.99,2,0.00,17.49,4.50
ORD-1008,2023-01-22,2023-01-25,Standard Class,Henry Zhang,Corporate,United States,East,Office Supplies,Storage,Filing Cabinet 4 Drawer,229.00,1,0.10,34.35,22.00
ORD-1009,2023-01-25,2023-01-29,Second Class,Isabella Moore,Consumer,United States,South,Furniture,Bookcases,5-Shelf Bookcase,189.00,1,0.15,13.93,18.50
ORD-1010,2023-01-28,2023-02-01,Standard Class,Jack Taylor,Home Office,Canada,West,Electronics,Monitors,4K Monitor 27in,449.00,1,0.05,67.35,14.20
ORD-1011,2023-02-02,2023-02-05,Standard Class,Karen White,Consumer,United States,East,Office Supplies,Labels,Address Labels Pack,8.99,10,0.00,3.60,1.20
ORD-1012,2023-02-05,2023-02-08,Second Class,Liam Harris,Corporate,United States,West,Furniture,Chairs,Executive Chair Leather,789.00,1,0.20,94.68,38.00
ORD-1013,2023-02-08,2023-02-12,Standard Class,Mia Martinez,Consumer,Mexico,East,Electronics,Phones,Budget Smartphone 8,299.99,2,0.00,59.99,9.00
ORD-1014,2023-02-10,2023-02-14,Standard Class,Noah Jackson,Corporate,United States,South,Office Supplies,Envelopes,Security Envelopes 50ct,6.99,4,0.00,2.10,0.80
ORD-1015,2023-02-14,2023-02-16,First Class,Olivia Thompson,Consumer,United States,West,Electronics,Laptops,Gaming Laptop 15.6in,1599.00,1,0.10,191.88,22.00
ORD-1016,2023-02-17,2023-02-21,Standard Class,Peter Anderson,Corporate,Canada,East,Furniture,Tables,Adjustable Standing Desk,799.00,1,0.15,79.90,55.00
ORD-1017,2023-02-20,2023-02-23,Standard Class,Quinn Rodriguez,Consumer,United States,Central,Office Supplies,Paper,Legal Pads 12-pack,19.99,2,0.05,6.39,2.10
ORD-1018,2023-02-23,2023-02-27,Second Class,Rachel Lewis,Home Office,United States,South,Electronics,Accessories,Wireless Mouse,34.99,1,0.00,10.49,3.00
ORD-1019,2023-02-25,2023-03-01,Standard Class,Samuel Clark,Consumer,United States,East,Furniture,Bookcases,Corner Bookshelf,159.00,1,0.20,-7.95,16.00
ORD-1020,2023-02-28,2023-03-03,Standard Class,Tina Robinson,Corporate,United States,West,Office Supplies,Storage,Desktop Organizer,44.99,2,0.10,8.99,4.50
ORD-1021,2023-03-03,2023-03-06,Standard Class,Umar Singh,Consumer,United States,East,Electronics,Phones,SmartPhone Pro 12,899.99,1,0.15,89.99,12.50
ORD-1022,2023-03-06,2023-03-10,Standard Class,Vera Nguyen,Corporate,Mexico,Central,Office Supplies,Binders,Presentation Binders 5pk,29.99,3,0.00,10.49,3.60
ORD-1023,2023-03-10,2023-03-12,First Class,Walter Murphy,Consumer,United States,West,Electronics,Laptops,UltraBook 14,1249.00,1,0.00,237.31,18.75
ORD-1024,2023-03-13,2023-03-17,Standard Class,Xena Cooper,Home Office,Canada,East,Furniture,Chairs,Mesh Task Chair,279.00,1,0.10,22.32,24.00
ORD-1025,2023-03-16,2023-03-20,Second Class,Yusuf Patterson,Consumer,United States,South,Office Supplies,Paper,A4 Copy Paper (500 sheets),24.99,8,0.00,8.75,5.60
ORD-1026,2023-03-19,2023-03-23,Standard Class,Zoe Reed,Corporate,United States,West,Electronics,Monitors,Curved Monitor 32in,529.00,1,0.05,79.35,16.00
ORD-1027,2023-03-22,2023-03-26,Standard Class,Aaron Foster,Consumer,United States,East,Furniture,Tables,Coffee Table,249.00,1,0.25,-12.45,20.00
ORD-1028,2023-03-25,2023-03-28,Standard Class,Bella Flores,Corporate,United States,Central,Office Supplies,Labels,Color Labels Pack,14.99,5,0.10,5.24,2.00
ORD-1029,2023-03-28,2023-04-01,Standard Class,Carlos Wells,Consumer,Mexico,West,Electronics,Phones,Budget Smartphone 8,299.99,1,0.05,37.49,9.00
ORD-1030,2023-04-01,2023-04-04,First Class,Diana Cole,Home Office,United States,East,Electronics,Laptops,Business Laptop 14in,899.00,1,0.00,170.81,18.75
ORD-1031,2023-04-04,2023-04-08,Standard Class,Ethan Webb,Consumer,Canada,West,Furniture,Chairs,Ergonomic Office Chair,349.00,2,0.10,41.88,48.00
ORD-1032,2023-04-07,2023-04-11,Standard Class,Fiona Ryan,Corporate,United States,South,Office Supplies,Storage,4-Drawer Filing Cabinet,249.00,1,0.15,24.90,22.00
ORD-1033,2023-04-10,2023-04-13,Standard Class,George Hayes,Consumer,United States,West,Electronics,Accessories,Mechanical Keyboard,89.99,1,0.00,26.99,5.50
ORD-1034,2023-04-13,2023-04-17,Second Class,Hannah Brooks,Corporate,United States,East,Furniture,Bookcases,Industrial Bookshelf,319.00,1,0.20,12.76,28.00
ORD-1035,2023-04-16,2023-04-20,Standard Class,Isaac Kelly,Consumer,United States,Central,Office Supplies,Paper,Color Printing Paper,34.99,4,0.05,9.80,4.20
